INSERT INTO disease_type(id, description) VALUES (1, 'disease-122');
INSERT INTO disease_type(id, description) VALUES (2, 'sars-05');
INSERT INTO disease_type(id, description) VALUES (3, 'hiv-aids');
INSERT INTO disease_type(id, description) VALUES (4, 'influenza-3');
INSERT INTO disease_type(id, description) VALUES (5, 'flu-9');
INSERT INTO disease_type(id, description) VALUES (6, 'solanum-2006');
INSERT INTO disease_type(id, description) VALUES (7, 'krippin-virus');
INSERT INTO disease_type(id, description) VALUES (8, 'virology');
INSERT INTO disease_type(id, description) VALUES (9, 'yellow-fever');
INSERT INTO disease_type(id, description) VALUES (10, 'infectious diseases');

INSERT INTO Disease(disease_code, pathogen, description, disease_type_id) VALUES('covid-19', 'virus', 'x_disease', 1);
INSERT INTO Disease(disease_code, pathogen, description, disease_type_id) VALUES('a-1', 'bacteria', 'z_disease', 1);
INSERT INTO Disease(disease_code, pathogen, description, disease_type_id) VALUES('b-1', 'bacteria', 'z_disease', 1);
INSERT INTO Disease(disease_code, pathogen, description, disease_type_id) VALUES('c-1', 'bacteria', 'a_disease', 1);
INSERT INTO Disease(disease_code, pathogen, description, disease_type_id) VALUES('d-1', 'virus', 'c_disease', 10);
INSERT INTO Disease(disease_code, pathogen, description, disease_type_id) VALUES('e-1', 'virus', 'b_disease', 10);
INSERT INTO Disease(disease_code, pathogen, description, disease_type_id) VALUES('f-1', 'infection', 'e_disease', 10);
INSERT INTO Disease(disease_code, pathogen, description, disease_type_id) VALUES('g-1', 'food deficiency', 'd_disease', 8);
INSERT INTO Disease(disease_code, pathogen, description, disease_type_id) VALUES('h-1', 'overweight', 'f_disease', 8);
INSERT INTO Disease(disease_code, pathogen, description, disease_type_id) VALUES('i-1', 'direct contact', 'g_disease', 8);
INSERT INTO Disease(disease_code, pathogen, description, disease_type_id) VALUES('j-1', 'blood', 'p_disease', 8);
INSERT INTO Disease(disease_code, pathogen, description, disease_type_id) VALUES('k-1', 'lack of sleep', 'r_disease', 1);

INSERT INTO country(cname, population) VALUES ('Kazakhstan', 18000000);
INSERT INTO country(cname, population) VALUES ('Russia', 130000000);
INSERT INTO country(cname, population) VALUES ('Usa', 120000000);
INSERT INTO country(cname, population) VALUES ('China', 1800000000);
INSERT INTO country(cname, population) VALUES ('France', 500000);
INSERT INTO country(cname, population) VALUES ('Germany', 60000000);
INSERT INTO country(cname, population) VALUES ('Netherlands', 23654654);
INSERT INTO country(cname, population) VALUES ('Singapore', 4000000);
INSERT INTO country(cname, population) VALUES ('England', 8000000);
INSERT INTO country(cname, population) VALUES ('India', 200650000);
INSERT INTO country(cname, population) VALUES ('Japan', 54555555);

INSERT INTO Record(email,cname , disease_code ,total_deaths, total_patients) VALUES('asgeorge@gmail.com', 'Kazakhstan', 'covid-19', 12333, 4233231);
INSERT INTO Record(email,cname , disease_code ,total_deaths, total_patients) VALUES('asgeorge@gmail.com', 'Usa', 'covid-19', 12333, 4322231);
INSERT INTO Record(email,cname , disease_code ,total_deaths, total_patients) VALUES('asgeorge@gmail.com', 'China', 'covid-19', 12333, 434231);
INSERT INTO Record(email,cname , disease_code ,total_deaths, total_patients) VALUES('asgeorge@gmail.com', 'Russia', 'covid-19', 12333, 432331);
INSERT INTO Record(email,cname , disease_code ,total_deaths, total_patients) VALUES('fsdarmanbek@gmail.com', 'Kazakhstan', 'covid-19', 12333, 143231);
INSERT INTO Record(email,cname , disease_code ,total_deaths, total_patients) VALUES('fsdarmanbek@gmail.com', 'Germany', 'covid-19', 12333, 243231);
INSERT INTO Record(email,cname , disease_code ,total_deaths, total_patients) VALUES('fsdarmanbek@gmail.com', 'France', 'covid-19', 12333, 43231);
INSERT INTO Record(email,cname , disease_code ,total_deaths, total_patients) VALUES('fsdarmanbek@gmail.com', 'Usa', 'covid-19', 12333, 43231);
INSERT INTO Record(email,cname , disease_code ,total_deaths, total_patients) VALUES('asdakhmet@gmail.com', 'France', 'a-1', 12333, 43231);
INSERT INTO Record(email,cname , disease_code ,total_deaths, total_patients) VALUES('asdakhmet@gmail.com', 'Kazakhstan', 'c-1', 12333, 43231);
INSERT INTO Record(email,cname , disease_code ,total_deaths, total_patients) VALUES('pusdfshkin@gmail.com', 'Kazakhstan', 'f-1', 12333, 43231);
INSERT INTO Record(email,cname , disease_code ,total_deaths, total_patients) VALUES('angsdfela@gmail.com', 'Russia', 'g-1', 12333, 43231);
INSERT INTO Record(email,cname , disease_code ,total_deaths, total_patients) VALUES('edsaizabeth@gmail.com', 'Kazakhstan', 'e-1', 12333, 43231);
INSERT INTO Record(email,cname , disease_code ,total_deaths, total_patients) VALUES('edsaizabeth@gmail.com', 'France', 'k-1', 12333, 43231);
INSERT INTO Record(email,cname , disease_code ,total_deaths, total_patients) VALUES('maasdcron@gmail.com', 'Kazakhstan', 'a-1', 12333, 43231);
INSERT INTO Record(email,cname , disease_code ,total_deaths, total_patients) VALUES('maasdo@gmail.com', 'Netherlands', 'c-1', 12333, 43231);
INSERT INTO Record(email,cname , disease_code ,total_deaths, total_patients) VALUES('maasdo@gmail.com', 'Russia', 'c-1', 12333, 43231);
INSERT INTO Record(email,cname , disease_code ,total_deaths, total_patients) VALUES('maasdo@gmail.com', 'Japan', 'c-1', 12333, 43231);
INSERT INTO Record(email,cname , disease_code ,total_deaths, total_patients) VALUES('maasdo@gmail.com', 'Kazakhstan', 'c-1', 12333, 43231);
INSERT INTO Record(email,cname , disease_code ,total_deaths, total_patients) VALUES('sakasden@gmail.com', 'Russia', 'b-1', 12333, 43231);
INSERT INTO Record(email,cname , disease_code ,total_deaths, total_patients) VALUES('sakasden@gmail.com', 'Japan', 'd-1', 12333, 43231);
INSERT INTO Record(email,cname , disease_code ,total_deaths, total_patients) VALUES('sakasden@gmail.com', 'Germany', 'a-1', 12333, 43231);
